File,LOC,SLOC-P,SLOC-L,MVG,BLOC,C&SLOC,CLOC,CWORD,HCLOC,HCWORD
D:\Development\Flounder-Java\Flounder Engine\src\flounder\package-info.java,4,1,1,0,0,0,3,8,3,8
D:\Development\Flounder-Java\Flounder Engine\src\flounder\devices\DeviceDisplay.java,414,245,196,24,59,5,110,582,0,0
D:\Development\Flounder-Java\Flounder Engine\src\flounder\devices\DeviceJoysticks.java,138,62,48,10,17,0,59,254,0,0
D:\Development\Flounder-Java\Flounder Engine\src\flounder\devices\DeviceKeyboard.java,64,30,22,2,11,0,23,100,0,0
D:\Development\Flounder-Java\Flounder Engine\src\flounder\devices\DeviceMouse.java,183,106,84,9,24,0,53,196,0,0
D:\Development\Flounder-Java\Flounder Engine\src\flounder\devices\DeviceSound.java,128,71,58,10,20,0,37,200,0,0
D:\Development\Flounder-Java\Flounder Engine\src\flounder\devices\FlounderDevices.java,161,85,71,8,21,0,55,233,0,0
D:\Development\Flounder-Java\Flounder Engine\src\flounder\devices\package-info.java,4,1,1,0,0,0,3,16,3,16
D:\Development\Flounder-Java\Flounder Engine\src\flounder\engine\FlounderEngine.java,211,136,111,15,32,0,43,276,0,0
D:\Development\Flounder-Java\Flounder Engine\src\flounder\engine\FlounderLogger.java,142,81,58,14,24,0,37,315,0,0
D:\Development\Flounder-Java\Flounder Engine\src\flounder\engine\ICamera.java,94,22,20,0,17,0,55,275,0,0
D:\Development\Flounder-Java\Flounder Engine\src\flounder\engine\IGame.java,70,35,28,4,12,0,23,149,0,0
D:\Development\Flounder-Java\Flounder Engine\src\flounder\engine\IModule.java,54,36,27,3,10,0,8,39,0,0
D:\Development\Flounder-Java\Flounder Engine\src\flounder\engine\IRenderer.java,54,22,18,1,8,0,24,98,0,0
D:\Development\Flounder-Java\Flounder Engine\src\flounder\engine\IRendererMaster.java,29,8,7,0,6,0,15,67,0,0
D:\Development\Flounder-Java\Flounder Engine\src\flounder\engine\OpenglUtils.java,135,110,85,10,22,0,3,8,0,0
D:\Development\Flounder-Java\Flounder Engine\src\flounder\engine\package-info.java,4,1,1,0,0,0,3,9,3,9
D:\Development\Flounder-Java\Flounder Engine\src\flounder\fonts\Character.java,113,55,43,10,13,0,45,324,0,0
D:\Development\Flounder-Java\Flounder Engine\src\flounder\fonts\FontManager.java,26,19,17,1,7,0,0,0,0,0
D:\Development\Flounder-Java\Flounder Engine\src\flounder\fonts\FontRenderer.java,80,62,51,2,18,0,0,0,0,0
D:\Development\Flounder-Java\Flounder Engine\src\flounder\fonts\FontShader.java,22,17,15,0,5,0,0,0,0,0
D:\Development\Flounder-Java\Flounder Engine\src\flounder\fonts\FontType.java,29,14,10,1,6,0,9,51,0,0
D:\Development\Flounder-Java\Flounder Engine\src\flounder\fonts\Line.java,70,34,27,6,10,0,26,143,0,0
D:\Development\Flounder-Java\Flounder Engine\src\flounder\fonts\MetaFile.java,195,133,109,17,32,0,30,141,0,0
D:\Development\Flounder-Java\Flounder Engine\src\flounder\fonts\package-info.java,4,1,1,0,0,0,3,11,3,11
D:\Development\Flounder-Java\Flounder Engine\src\flounder\fonts\Text.java,246,198,157,29,48,0,0,0,0,0
D:\Development\Flounder-Java\Flounder Engine\src\flounder\fonts\TextBuilder.java,37,29,23,4,8,0,0,0,0,0
D:\Development\Flounder-Java\Flounder Engine\src\flounder\fonts\TextLoader.java,164,133,110,14,31,0,0,0,0,0
D:\Development\Flounder-Java\Flounder Engine\src\flounder\fonts\Word.java,55,27,21,3,9,0,19,94,0,0
D:\Development\Flounder-Java\Flounder Engine\src\flounder\guis\GuiComponent.java,323,179,140,20,41,0,103,820,0,0
D:\Development\Flounder-Java\Flounder Engine\src\flounder\guis\GuiEvent.java,6,4,2,0,2,0,0,0,0,0
D:\Development\Flounder-Java\Flounder Engine\src\flounder\guis\GuiListener.java,6,4,3,0,2,0,0,0,0,0
D:\Development\Flounder-Java\Flounder Engine\src\flounder\guis\GuiListenerAdvanced.java,8,5,4,0,3,0,0,0,0,0
D:\Development\Flounder-Java\Flounder Engine\src\flounder\guis\GuiManager.java,34,25,20,2,9,0,0,0,0,0
D:\Development\Flounder-Java\Flounder Engine\src\flounder\guis\GuiRenderer.java,82,63,53,2,19,0,0,0,0,0
D:\Development\Flounder-Java\Flounder Engine\src\flounder\guis\GuiScreenContainer.java,18,13,7,0,5,0,0,0,0,0
D:\Development\Flounder-Java\Flounder Engine\src\flounder\guis\GuiSelector.java,109,87,71,11,19,0,3,22,0,0
D:\Development\Flounder-Java\Flounder Engine\src\flounder\guis\GuiShader.java,22,17,15,0,5,0,0,0,0,0
D:\Development\Flounder-Java\Flounder Engine\src\flounder\guis\GuiTextButton.java,75,60,47,4,15,0,0,0,0,0
D:\Development\Flounder-Java\Flounder Engine\src\flounder\guis\GuiTexture.java,110,79,60,9,23,0,8,37,0,0
D:\Development\Flounder-Java\Flounder Engine\src\flounder\guis\package-info.java,4,1,1,0,0,0,3,11,3,11
D:\Development\Flounder-Java\Flounder Engine\src\flounder\helpers\ArrayUtils.java,22,10,7,2,4,0,8,42,0,0
D:\Development\Flounder-Java\Flounder Engine\src\flounder\helpers\package-info.java,4,1,1,0,0,0,3,14,3,14
D:\Development\Flounder-Java\Flounder Engine\src\flounder\helpers\Pair.java,38,24,17,2,8,0,6,26,0,0
D:\Development\Flounder-Java\Flounder Engine\src\flounder\inputs\BaseButton.java,61,32,22,7,10,0,19,95,0,0
D:\Development\Flounder-Java\Flounder Engine\src\flounder\inputs\ButtonAxis.java,36,20,14,3,7,0,9,42,0,0
D:\Development\Flounder-Java\Flounder Engine\src\flounder\inputs\CompoundAxis.java,31,16,11,2,7,0,8,31,0,0
D:\Development\Flounder-Java\Flounder Engine\src\flounder\inputs\CompoundButton.java,38,24,16,5,6,0,8,25,0,0
D:\Development\Flounder-Java\Flounder Engine\src\flounder\inputs\IAxis.java,14,4,3,0,2,0,8,42,0,0
D:\Development\Flounder-Java\Flounder Engine\src\flounder\inputs\IButton.java,21,5,4,0,3,0,13,62,0,0
D:\Development\Flounder-Java\Flounder Engine\src\flounder\inputs\JoystickAxis.java,39,22,16,4,8,0,9,37,0,0
D:\Development\Flounder-Java\Flounder Engine\src\flounder\inputs\JoystickButton.java,20,7,5,0,4,0,9,38,0,0
D:\Development\Flounder-Java\Flounder Engine\src\flounder\inputs\KeyButton.java,18,7,5,0,3,0,8,31,0,0
D:\Development\Flounder-Java\Flounder Engine\src\flounder\inputs\MouseButton.java,18,7,5,0,3,0,8,32,0,0
D:\Development\Flounder-Java\Flounder Engine\src\flounder\inputs\package-info.java,4,1,1,0,0,0,3,14,3,14
D:\Development\Flounder-Java\Flounder Engine\src\flounder\lights\Attenuation.java,49,29,21,3,9,0,11,65,0,0
D:\Development\Flounder-Java\Flounder Engine\src\flounder\lights\Fog.java,64,40,30,5,12,0,12,67,0,0
D:\Development\Flounder-Java\Flounder Engine\src\flounder\lights\Light.java,61,34,25,3,11,0,16,83,0,0
D:\Development\Flounder-Java\Flounder Engine\src\flounder\lights\package-info.java,4,1,1,0,0,0,3,14,3,14
D:\Development\Flounder-Java\Flounder Engine\src\flounder\loaders\Loader.java,307,181,152,23,45,0,81,560,0,0
D:\Development\Flounder-Java\Flounder Engine\src\flounder\loaders\package-info.java,4,1,1,0,0,0,3,13,3,13
D:\Development\Flounder-Java\Flounder Engine\src\flounder\maths\ByteWork.java,200,152,116,36,48,0,0,0,0,0
D:\Development\Flounder-Java\Flounder Engine\src\flounder\maths\Colour.java,377,156,113,38,46,0,175,779,0,0
D:\Development\Flounder-Java\Flounder Engine\src\flounder\maths\Maths.java,218,84,62,25,24,1,110,680,0,0
D:\Development\Flounder-Java\Flounder Engine\src\flounder\maths\package-info.java,4,1,1,0,0,0,3,14,3,14
D:\Development\Flounder-Java\Flounder Engine\src\flounder\maths\SortingAlgorithms.java,392,235,183,56,62,1,95,808,0,0
D:\Development\Flounder-Java\Flounder Engine\src\flounder\maths\matrices\Matrix2f.java,390,190,151,38,45,0,155,693,0,0
D:\Development\Flounder-Java\Flounder Engine\src\flounder\maths\matrices\Matrix3f.java,488,282,243,38,47,0,159,723,0,0
D:\Development\Flounder-Java\Flounder Engine\src\flounder\maths\matrices\Matrix4f.java,913,569,510,58,71,3,273,1376,0,0
D:\Development\Flounder-Java\Flounder Engine\src\flounder\maths\matrices\package-info.java,4,1,1,0,0,0,3,9,3,9
D:\Development\Flounder-Java\Flounder Engine\src\flounder\maths\rays\package-info.java,4,1,1,0,0,0,3,9,3,9
D:\Development\Flounder-Java\Flounder Engine\src\flounder\maths\rays\Ray.java,32,26,22,1,6,0,0,0,0,0
D:\Development\Flounder-Java\Flounder Engine\src\flounder\maths\vectors\package-info.java,4,1,1,0,0,0,3,9,3,9
D:\Development\Flounder-Java\Flounder Engine\src\flounder\maths\vectors\Quaternion.java,515,273,217,49,53,0,189,826,0,0
D:\Development\Flounder-Java\Flounder Engine\src\flounder\maths\vectors\Vector2f.java,459,182,126,47,53,0,224,953,0,0
D:\Development\Flounder-Java\Flounder Engine\src\flounder\maths\vectors\Vector3f.java,498,198,145,49,56,0,244,1041,0,0
D:\Development\Flounder-Java\Flounder Engine\src\flounder\maths\vectors\Vector4f.java,363,157,116,38,43,0,163,665,0,0
D:\Development\Flounder-Java\Flounder Engine\src\flounder\noise\OpenSimplexNoise.java,2166,1744,1553,190,184,44,238,1345,0,0
D:\Development\Flounder-Java\Flounder Engine\src\flounder\noise\package-info.java,4,1,1,0,0,0,3,13,3,13
D:\Development\Flounder-Java\Flounder Engine\src\flounder\noise\PerlinNoise.java,564,282,246,34,88,3,194,1182,0,0
D:\Development\Flounder-Java\Flounder Engine\src\flounder\parsing\Config.java,213,107,82,19,33,0,73,391,0,0
D:\Development\Flounder-Java\Flounder Engine\src\flounder\parsing\package-info.java,4,1,1,0,0,0,3,11,3,11
D:\Development\Flounder-Java\Flounder Engine\src\flounder\parsing\TokenReader.java,269,134,100,34,40,0,95,423,0,0
D:\Development\Flounder-Java\Flounder Engine\src\flounder\parsing\json\JSON.java,64,26,21,1,10,0,28,116,0,0
D:\Development\Flounder-Java\Flounder Engine\src\flounder\parsing\json\JSONArray.java,448,219,148,41,72,0,157,613,0,0
D:\Development\Flounder-Java\Flounder Engine\src\flounder\parsing\json\JSONLiteral.java,115,66,44,16,19,0,30,114,0,0
D:\Development\Flounder-Java\Flounder Engine\src\flounder\parsing\json\JSONNumber.java,166,90,57,20,27,0,49,195,0,0
D:\Development\Flounder-Java\Flounder Engine\src\flounder\parsing\json\JSONObject.java,257,137,98,26,43,0,77,323,0,0
D:\Development\Flounder-Java\Flounder Engine\src\flounder\parsing\json\JSONString.java,106,63,41,17,19,0,24,104,0,0
D:\Development\Flounder-Java\Flounder Engine\src\flounder\parsing\json\JSONValue.java,285,100,66,24,31,0,154,628,0,0
D:\Development\Flounder-Java\Flounder Engine\src\flounder\parsing\json\package-info.java,4,1,1,0,0,0,3,11,3,11
D:\Development\Flounder-Java\Flounder Engine\src\flounder\physics\AABB.java,238,138,106,33,34,0,66,398,0,0
D:\Development\Flounder-Java\Flounder Engine\src\flounder\physics\AABBManager.java,20,14,10,1,6,0,0,0,0,0
D:\Development\Flounder-Java\Flounder Engine\src\flounder\physics\AABBMesh.java,105,79,52,17,26,0,0,0,0,0
D:\Development\Flounder-Java\Flounder Engine\src\flounder\physics\AABBRenderer.java,99,74,66,1,25,0,0,0,0,0
D:\Development\Flounder-Java\Flounder Engine\src\flounder\physics\AABBShader.java,21,16,14,0,5,0,0,0,0,0
D:\Development\Flounder-Java\Flounder Engine\src\flounder\physics\Collidable.java,13,8,7,0,5,0,0,0,0,0
D:\Development\Flounder-Java\Flounder Engine\src\flounder\physics\ColliderPlane.java,31,23,17,4,8,0,0,0,0,0
D:\Development\Flounder-Java\Flounder Engine\src\flounder\physics\ColliderRadial.java,78,60,44,15,18,0,0,0,0,0
D:\Development\Flounder-Java\Flounder Engine\src\flounder\physics\IntersectData.java,52,41,29,11,11,0,0,0,0,0
D:\Development\Flounder-Java\Flounder Engine\src\flounder\physics\package-info.java,4,1,1,0,0,0,3,11,3,11
D:\Development\Flounder-Java\Flounder Engine\src\flounder\post\package-info.java,4,1,1,0,0,0,3,15,3,15
D:\Development\Flounder-Java\Flounder Engine\src\flounder\post\PostFilter.java,88,53,47,1,16,1,19,110,0,0
D:\Development\Flounder-Java\Flounder Engine\src\flounder\post\PostPipeline.java,26,7,6,0,5,0,14,46,0,0
D:\Development\Flounder-Java\Flounder Engine\src\flounder\post\filters\FilterBloom1.java,16,12,8,0,4,0,0,0,0,0
D:\Development\Flounder-Java\Flounder Engine\src\flounder\post\filters\FilterBloom2.java,16,12,8,0,4,0,0,0,0,0
D:\Development\Flounder-Java\Flounder Engine\src\flounder\post\filters\FilterBlurHorizontal.java,49,39,31,1,10,0,0,0,0,0
D:\Development\Flounder-Java\Flounder Engine\src\flounder\post\filters\FilterBlurVertical.java,49,39,31,1,10,0,0,0,0,0
D:\Development\Flounder-Java\Flounder Engine\src\flounder\post\filters\FilterCombineSlide.java,28,21,16,0,7,1,0,19,0,0
D:\Development\Flounder-Java\Flounder Engine\src\flounder\post\filters\FilterDarken.java,30,23,17,1,7,0,0,0,0,0
D:\Development\Flounder-Java\Flounder Engine\src\flounder\post\filters\FilterDOF.java,25,20,16,0,5,0,0,0,0,0
D:\Development\Flounder-Java\Flounder Engine\src\flounder\post\filters\FilterEmboss.java,16,12,8,0,4,0,0,0,0,0
D:\Development\Flounder-Java\Flounder Engine\src\flounder\post\filters\FilterFXAA.java,30,23,17,1,7,0,0,0,0,0
D:\Development\Flounder-Java\Flounder Engine\src\flounder\post\filters\FilterGray.java,16,12,8,0,4,0,0,0,0,0
D:\Development\Flounder-Java\Flounder Engine\src\flounder\post\filters\FilterLensFlare.java,30,23,18,0,6,0,1,9,0,0
D:\Development\Flounder-Java\Flounder Engine\src\flounder\post\filters\FilterNegative.java,16,12,8,0,4,0,0,0,0,0
D:\Development\Flounder-Java\Flounder Engine\src\flounder\post\filters\FilterPixel.java,16,12,8,0,4,0,0,0,0,0
D:\Development\Flounder-Java\Flounder Engine\src\flounder\post\filters\FilterSepia.java,16,12,8,0,4,0,0,0,0,0
D:\Development\Flounder-Java\Flounder Engine\src\flounder\post\filters\FilterTone.java,16,12,8,0,4,0,0,0,0,0
D:\Development\Flounder-Java\Flounder Engine\src\flounder\post\filters\FilterWobble.java,23,17,13,0,6,0,0,0,0,0
D:\Development\Flounder-Java\Flounder Engine\src\flounder\post\filters\package-info.java,4,1,1,0,0,0,3,11,3,11
D:\Development\Flounder-Java\Flounder Engine\src\flounder\post\piplines\package-info.java,4,1,1,0,0,0,3,17,3,17
D:\Development\Flounder-Java\Flounder Engine\src\flounder\post\piplines\PipelineBloom.java,49,41,33,1,8,0,0,0,0,0
D:\Development\Flounder-Java\Flounder Engine\src\flounder\post\piplines\PipelineDepthOfField.java,41,33,25,1,8,0,0,0,0,0
D:\Development\Flounder-Java\Flounder Engine\src\flounder\post\piplines\PipelineGaussian.java,38,30,21,1,8,0,0,0,0,0
D:\Development\Flounder-Java\Flounder Engine\src\flounder\processing\package-info.java,4,1,1,0,0,0,3,10,3,10
D:\Development\Flounder-Java\Flounder Engine\src\flounder\processing\RequestProcessor.java,85,45,33,3,12,0,28,102,0,0
D:\Development\Flounder-Java\Flounder Engine\src\flounder\processing\RequestQueue.java,41,17,12,2,7,0,17,68,0,0
D:\Development\Flounder-Java\Flounder Engine\src\flounder\processing\ResourceRequest.java,12,4,3,0,2,0,6,25,0,0
D:\Development\Flounder-Java\Flounder Engine\src\flounder\processing\glProcessing\GlRequest.java,12,4,3,0,2,0,6,18,0,0
D:\Development\Flounder-Java\Flounder Engine\src\flounder\processing\glProcessing\GlRequestProcessor.java,55,29,21,4,9,0,17,62,0,0
D:\Development\Flounder-Java\Flounder Engine\src\flounder\processing\glProcessing\GlRequestQueue.java,41,17,12,2,7,0,17,69,0,0
D:\Development\Flounder-Java\Flounder Engine\src\flounder\processing\glProcessing\package-info.java,4,1,1,0,0,0,3,9,3,9
D:\Development\Flounder-Java\Flounder Engine\src\flounder\profiling\FlounderProfiler.java,72,58,45,6,13,0,1,1,0,0
D:\Development\Flounder-Java\Flounder Engine\src\flounder\profiling\FlounderProfilerLabel.java,41,28,21,3,10,0,3,8,0,0
D:\Development\Flounder-Java\Flounder Engine\src\flounder\profiling\FlounderProfilerTab.java,51,39,29,5,9,0,3,10,0,0
D:\Development\Flounder-Java\Flounder Engine\src\flounder\profiling\FlounderTabMenu.java,46,34,26,5,9,0,3,11,0,0
D:\Development\Flounder-Java\Flounder Engine\src\flounder\profiling\package-info.java,4,1,1,0,0,0,3,12,3,12
D:\Development\Flounder-Java\Flounder Engine\src\flounder\profiling\ProfileTimer.java,54,31,25,2,8,1,15,55,0,0
D:\Development\Flounder-Java\Flounder Engine\src\flounder\resources\CompressionUtils.java,37,29,23,7,8,0,0,0,0,0
D:\Development\Flounder-Java\Flounder Engine\src\flounder\resources\MyFile.java,116,59,45,8,18,0,39,152,0,0
D:\Development\Flounder-Java\Flounder Engine\src\flounder\resources\package-info.java,4,1,1,0,0,0,3,13,3,13
D:\Development\Flounder-Java\Flounder Engine\src\flounder\shaders\package-info.java,4,1,1,0,0,0,3,16,3,16
D:\Development\Flounder-Java\Flounder Engine\src\flounder\shaders\ShaderProgram.java,205,144,115,26,34,0,27,126,0,0
D:\Development\Flounder-Java\Flounder Engine\src\flounder\shaders\Uniform.java,32,20,15,2,9,0,3,13,0,0
D:\Development\Flounder-Java\Flounder Engine\src\flounder\shaders\UniformBoolean.java,27,14,10,1,5,0,8,46,0,0
D:\Development\Flounder-Java\Flounder Engine\src\flounder\shaders\UniformFloat.java,27,14,10,1,5,0,8,46,0,0
D:\Development\Flounder-Java\Flounder Engine\src\flounder\shaders\UniformMat2.java,39,23,19,1,8,0,8,46,0,0
D:\Development\Flounder-Java\Flounder Engine\src\flounder\shaders\UniformMat3.java,39,23,19,1,8,0,8,46,0,0
D:\Development\Flounder-Java\Flounder Engine\src\flounder\shaders\UniformMat4.java,39,23,19,1,8,0,8,46,0,0
D:\Development\Flounder-Java\Flounder Engine\src\flounder\shaders\UniformSampler.java,27,14,10,1,5,0,8,48,0,0
D:\Development\Flounder-Java\Flounder Engine\src\flounder\shaders\UniformVec2.java,41,20,15,1,7,0,14,90,0,0
D:\Development\Flounder-Java\Flounder Engine\src\flounder\shaders\UniformVec3.java,64,30,23,1,9,0,25,161,0,0
D:\Development\Flounder-Java\Flounder Engine\src\flounder\shaders\UniformVec4.java,57,28,22,1,8,0,21,137,0,0
D:\Development\Flounder-Java\Flounder Engine\src\flounder\sounds\AmbientNode.java,204,100,78,10,29,0,75,540,0,0
D:\Development\Flounder-Java\Flounder Engine\src\flounder\sounds\AudioController.java,123,58,42,8,18,0,47,323,0,0
D:\Development\Flounder-Java\Flounder Engine\src\flounder\sounds\IAudioListener.java,14,5,4,0,3,0,6,39,0,0
D:\Development\Flounder-Java\Flounder Engine\src\flounder\sounds\MusicPlayer.java,244,144,114,18,38,0,62,420,0,0
D:\Development\Flounder-Java\Flounder Engine\src\flounder\sounds\package-info.java,4,1,1,0,0,0,3,16,3,16
D:\Development\Flounder-Java\Flounder Engine\src\flounder\sounds\Playlist.java,89,38,28,5,13,0,38,207,0,0
D:\Development\Flounder-Java\Flounder Engine\src\flounder\sounds\PlayRequest.java,127,56,44,9,18,0,53,378,0,0
D:\Development\Flounder-Java\Flounder Engine\src\flounder\sounds\Sound.java,163,80,64,11,23,0,60,387,0,0
D:\Development\Flounder-Java\Flounder Engine\src\flounder\sounds\SoundEffect.java,33,15,11,2,5,0,13,53,0,0
D:\Development\Flounder-Java\Flounder Engine\src\flounder\sounds\SoundEmitter.java,155,71,53,11,23,0,61,398,0,0
D:\Development\Flounder-Java\Flounder Engine\src\flounder\sounds\SoundLoader.java,94,52,41,5,12,0,30,212,0,0
D:\Development\Flounder-Java\Flounder Engine\src\flounder\sounds\SoundSource.java,224,116,86,16,34,0,74,446,0,0
D:\Development\Flounder-Java\Flounder Engine\src\flounder\sounds\SourcePoolManager.java,79,45,35,7,14,0,20,169,0,0
D:\Development\Flounder-Java\Flounder Engine\src\flounder\sounds\Streamer.java,146,78,62,10,22,0,46,338,0,0
D:\Development\Flounder-Java\Flounder Engine\src\flounder\sounds\StreamManager.java,98,56,42,3,13,0,29,196,0,0
D:\Development\Flounder-Java\Flounder Engine\src\flounder\sounds\WavDataStream.java,157,89,73,10,23,0,45,285,0,0
D:\Development\Flounder-Java\Flounder Engine\src\flounder\space\Frustum.java,249,136,111,32,40,0,73,383,0,0
D:\Development\Flounder-Java\Flounder Engine\src\flounder\space\ISpatialObject.java,14,5,4,0,3,0,6,31,0,0
D:\Development\Flounder-Java\Flounder Engine\src\flounder\space\ISpatialStructure.java,57,11,10,0,9,0,37,172,0,0
D:\Development\Flounder-Java\Flounder Engine\src\flounder\space\package-info.java,4,1,1,0,0,0,3,12,3,12
D:\Development\Flounder-Java\Flounder Engine\src\flounder\space\StructureBasic.java,86,61,40,10,19,0,6,16,0,0
D:\Development\Flounder-Java\Flounder Engine\src\flounder\textures\package-info.java,4,1,1,0,0,0,3,11,3,11
D:\Development\Flounder-Java\Flounder Engine\src\flounder\textures\Texture.java,87,53,39,7,16,0,18,59,0,0
D:\Development\Flounder-Java\Flounder Engine\src\flounder\textures\TextureBuilder.java,154,112,92,18,27,0,15,73,0,0
D:\Development\Flounder-Java\Flounder Engine\src\flounder\textures\TextureData.java,28,21,16,3,7,0,0,0,0,0
D:\Development\Flounder-Java\Flounder Engine\src\flounder\textures\TextureDecoder.java,903,730,502,148,113,2,60,450,0,0
D:\Development\Flounder-Java\Flounder Engine\src\flounder\textures\TextureDeleteRequest.java,17,12,8,0,5,0,0,0,0,0
D:\Development\Flounder-Java\Flounder Engine\src\flounder\textures\TextureLoadRequest.java,29,23,17,0,6,0,0,0,0,0
D:\Development\Flounder-Java\Flounder Engine\src\flounder\textures\TextureManager.java,124,94,83,7,17,0,13,50,0,0
D:\Development\Flounder-Java\Flounder Engine\src\flounder\textures\TextureTessellatorAtlas.java,43,31,25,4,11,0,1,7,0,0
D:\Development\Flounder-Java\Flounder Engine\src\flounder\textures\fbos\FBO.java,198,140,118,8,27,0,31,118,0,0
D:\Development\Flounder-Java\Flounder Engine\src\flounder\textures\fbos\FBOBuilder.java,75,60,48,8,12,0,3,14,0,0
D:\Development\Flounder-Java\Flounder Engine\src\flounder\textures\fbos\package-info.java,4,1,1,0,0,0,3,13,3,13
D:\Development\Flounder-Java\Flounder Engine\src\flounder\visual\ConstantDriver.java,16,12,8,1,4,0,0,0,0,0
D:\Development\Flounder-Java\Flounder Engine\src\flounder\visual\FadeDriver.java,50,40,29,7,10,0,0,0,0,0
D:\Development\Flounder-Java\Flounder Engine\src\flounder\visual\KeyFrame.java,28,21,15,2,7,0,0,0,0,0
D:\Development\Flounder-Java\Flounder Engine\src\flounder\visual\KeyFrameDriver.java,42,35,27,8,7,0,0,0,0,0
D:\Development\Flounder-Java\Flounder Engine\src\flounder\visual\LinearDriver.java,18,14,10,1,4,0,0,0,0,0
D:\Development\Flounder-Java\Flounder Engine\src\flounder\visual\package-info.java,4,1,1,0,0,0,3,9,3,9
D:\Development\Flounder-Java\Flounder Engine\src\flounder\visual\SinWaveDriver.java,19,15,11,1,4,0,0,0,0,0
D:\Development\Flounder-Java\Flounder Engine\src\flounder\visual\SlideDriver.java,30,25,20,3,5,0,0,0,0,0
D:\Development\Flounder-Java\Flounder Engine\src\flounder\visual\ValueDriver.java,21,16,13,1,5,0,0,0,0,0
D:\Development\Flounder-Java\Flounder Engine\src\flounder\visual\interpolation\package-info.java,4,1,1,0,0,0,3,8,3,8
D:\Development\Flounder-Java\Flounder Engine\src\flounder\visual\interpolation\SmoothFloat.java,32,25,19,1,7,0,0,0,0,0
