Folder,Files,LOC,SLOC-P,SLOC-L,MVG,BLOC,C&SLOC,CLOC,CWORD,HCLOC,HCWORD
Total,208,22851,13042,10232,1803,3159,65,6650,32689,102,403
D:\Development\Flounder-Java\Flounder Engine\src,208,22851,13042,10232,1803,3159,65,6650,32689,102,403
D:\Development\Flounder-Java\Flounder Engine\src\flounder,208,22851,13042,10232,1803,3159,65,6650,32689,102,403
D:\Development\Flounder-Java\Flounder Engine\src\flounder\devices,7,1074,591,444,59,151,5,332,1507,3,16
D:\Development\Flounder-Java\Flounder Engine\src\flounder\engine,10,885,405,321,48,137,0,343,1533,6,20
D:\Development\Flounder-Java\Flounder Engine\src\flounder\engine\implementation,6,374,159,126,13,66,0,149,726,3,11
D:\Development\Flounder-Java\Flounder Engine\src\flounder\exceptions,2,39,13,9,0,4,0,22,71,3,8
D:\Development\Flounder-Java\Flounder Engine\src\flounder\fbos,4,363,202,168,16,40,0,121,541,3,13
D:\Development\Flounder-Java\Flounder Engine\src\flounder\fonts,12,1149,756,604,89,195,0,198,988,3,11
D:\Development\Flounder-Java\Flounder Engine\src\flounder\guis,12,866,557,430,51,147,0,162,1062,3,11
D:\Development\Flounder-Java\Flounder Engine\src\flounder\helpers,7,969,564,434,114,155,1,250,1390,3,14
D:\Development\Flounder-Java\Flounder Engine\src\flounder\inputs,11,298,145,102,21,51,0,102,449,3,14
D:\Development\Flounder-Java\Flounder Engine\src\flounder\lights,4,278,104,77,11,32,0,142,508,3,14
D:\Development\Flounder-Java\Flounder Engine\src\flounder\loaders,2,421,213,172,27,54,0,154,1019,3,13
D:\Development\Flounder-Java\Flounder Engine\src\flounder\logger,2,185,106,75,14,29,0,50,368,3,15
D:\Development\Flounder-Java\Flounder Engine\src\flounder\maths,16,4446,2174,1748,387,462,4,1810,8192,12,41
D:\Development\Flounder-Java\Flounder Engine\src\flounder\maths\matrices,4,1805,1042,905,134,163,3,600,2838,3,9
D:\Development\Flounder-Java\Flounder Engine\src\flounder\maths\rays,2,41,20,17,0,5,0,16,61,3,9
D:\Development\Flounder-Java\Flounder Engine\src\flounder\maths\vectors,5,1873,823,613,187,209,0,841,3598,3,9
D:\Development\Flounder-Java\Flounder Engine\src\flounder\noise,3,2739,2027,1800,224,272,47,440,2559,3,13
D:\Development\Flounder-Java\Flounder Engine\src\flounder\parsing,11,1931,944,659,198,294,0,693,2929,6,22
D:\Development\Flounder-Java\Flounder Engine\src\flounder\parsing\json,8,1445,702,476,145,221,0,522,2104,3,11
D:\Development\Flounder-Java\Flounder Engine\src\flounder\physics,10,720,476,356,83,144,1,100,515,3,11
D:\Development\Flounder-Java\Flounder Engine\src\flounder\physics\renderer,3,199,126,100,3,42,1,31,106,0,0
D:\Development\Flounder-Java\Flounder Engine\src\flounder\post,24,645,467,357,8,135,2,43,227,9,43
D:\Development\Flounder-Java\Flounder Engine\src\flounder\post\filters,17,396,302,224,4,90,1,4,39,3,11
D:\Development\Flounder-Java\Flounder Engine\src\flounder\post\piplines,4,132,105,80,3,24,0,3,17,3,17
D:\Development\Flounder-Java\Flounder Engine\src\flounder\processing,9,344,183,123,13,56,0,105,391,6,19
D:\Development\Flounder-Java\Flounder Engine\src\flounder\processing\glProcessing,4,141,71,48,7,24,0,46,170,3,9
D:\Development\Flounder-Java\Flounder Engine\src\flounder\profiling,6,298,187,140,18,53,3,58,243,3,12
D:\Development\Flounder-Java\Flounder Engine\src\flounder\resources,2,120,60,46,8,18,0,42,165,3,13
D:\Development\Flounder-Java\Flounder Engine\src\flounder\shaders,12,598,343,270,34,109,0,146,839,3,16
D:\Development\Flounder-Java\Flounder Engine\src\flounder\sounds,16,1959,1003,777,125,288,0,668,4435,3,16
D:\Development\Flounder-Java\Flounder Engine\src\flounder\space,5,423,211,163,42,71,0,141,683,3,12
D:\Development\Flounder-Java\Flounder Engine\src\flounder\textures,9,1656,1105,802,188,209,2,342,1448,3,11
D:\Development\Flounder-Java\Flounder Engine\src\flounder\visual,11,441,205,154,25,53,0,183,619,6,17
D:\Development\Flounder-Java\Flounder Engine\src\flounder\visual\interpolation,2,65,26,20,1,7,0,32,109,3,8
